USE apparel;

INSERT INTO employee (`username`, `password`, `type`) VALUES ('adolf18', 'excepturi', 'employee');
INSERT INTO employee (`username`, `password`, `type`) VALUES ('caroline34', 'animi', 'manager');
INSERT INTO employee (`username`, `password`, `type`) VALUES ('chesley68', 'dolorem', 'manager');
INSERT INTO employee (`username`, `password`, `type`) VALUES ('clovis90', 'dolorem', 'employee');
INSERT INTO employee (`username`, `password`, `type`) VALUES ('halvorson.', 'alias', 'manager');
INSERT INTO employee (`username`, `password`, `type`) VALUES ('hand.brody', 'veniam', 'manager');
INSERT INTO employee (`username`, `password`, `type`) VALUES ('hand.nicho', 'sed', 'manager');
INSERT INTO employee (`username`, `password`, `type`) VALUES ('hmarquardt', 'aut', 'manager');
INSERT INTO employee (`username`, `password`, `type`) VALUES ('jacquelyn5', 'recusandae', 'employee');
INSERT INTO employee (`username`, `password`, `type`) VALUES ('jamison15', 'voluptatem', 'manager');
INSERT INTO employee (`username`, `password`, `type`) VALUES ('kassulke.m', 'atque', 'employee');
INSERT INTO employee (`username`, `password`, `type`) VALUES ('kenton88', 'fuga', 'employee');
INSERT INTO employee (`username`, `password`, `type`) VALUES ('osporer', 'minus', 'manager');
INSERT INTO employee (`username`, `password`, `type`) VALUES ('phoebe.rya', 'tempora', 'manager');
INSERT INTO employee (`username`, `password`, `type`) VALUES ('rkling', 'quas', 'employee');
INSERT INTO employee (`username`, `password`, `type`) VALUES ('rlakin', 'est', 'employee');
INSERT INTO employee (`username`, `password`, `type`) VALUES ('towne.jaba', 'quam', 'manager');
INSERT INTO employee (`username`, `password`, `type`) VALUES ('willa66', 'rerum', 'manager');
INSERT INTO employee (`username`, `password`, `type`) VALUES ('xnienow', 'pariatur', 'employee');
INSERT INTO employee (`username`, `password`, `type`) VALUES ('ybatz', 'facilis', 'employee');

INSERT INTO apparel (`id`, `type`, `size`, `color`, `qty`, `price`, `deliveryDate`) VALUES ('0075457151018', 'underwear', 'XL', 'black', 18, '1485', '1996-04-18 20:36:45');
INSERT INTO apparel (`id`, `type`, `size`, `color`, `qty`, `price`, `deliveryDate`) VALUES ('0100503089653', 'underwear', 'XXS', 'white', 260, '2854', '2004-12-26 23:44:41');
INSERT INTO apparel (`id`, `type`, `size`, `color`, `qty`, `price`, `deliveryDate`) VALUES ('0105825378812', 'shoes', 'S', 'green', 400, '676', '2017-07-23 16:26:16');
INSERT INTO apparel (`id`, `type`, `size`, `color`, `qty`, `price`, `deliveryDate`) VALUES ('0140475424618', 'jacket', 'XXS', 'black', 103, '1613', '2006-09-19 15:21:33');
INSERT INTO apparel (`id`, `type`, `size`, `color`, `qty`, `price`, `deliveryDate`) VALUES ('0165679289634', 'jacket', 'XS', 'red', 203, '1303', '2011-10-29 19:25:05');
INSERT INTO apparel (`id`, `type`, `size`, `color`, `qty`, `price`, `deliveryDate`) VALUES ('0263185576009', 'underwear', 'XL', 'green', 491, '2709', '1985-01-06 12:10:13');
INSERT INTO apparel (`id`, `type`, `size`, `color`, `qty`, `price`, `deliveryDate`) VALUES ('0282250957437', 'jacket', 'XXS', 'yellow', 27, '1161', '1986-06-08 17:13:01');
INSERT INTO apparel (`id`, `type`, `size`, `color`, `qty`, `price`, `deliveryDate`) VALUES ('0322444066764', 'shoes', 'XS', 'green', 486, '336', '2016-12-21 18:30:20');
INSERT INTO apparel (`id`, `type`, `size`, `color`, `qty`, `price`, `deliveryDate`) VALUES ('0340386510084', 'shirt', 'XL', 'red', 49, '2095', '2007-11-20 05:33:35');
INSERT INTO apparel (`id`, `type`, `size`, `color`, `qty`, `price`, `deliveryDate`) VALUES ('0342731651893', 'jacket', 'XS', 'white', 232, '2294', '1983-09-27 03:02:51');
INSERT INTO apparel (`id`, `type`, `size`, `color`, `qty`, `price`, `deliveryDate`) VALUES ('0349354173597', 'shirt', 'L', 'black', 489, '1358', '2017-02-10 17:32:42');
INSERT INTO apparel (`id`, `type`, `size`, `color`, `qty`, `price`, `deliveryDate`) VALUES ('0371283929914', 'shirt', 'XS', 'green', 238, '1576', '1991-07-18 09:30:09');
INSERT INTO apparel (`id`, `type`, `size`, `color`, `qty`, `price`, `deliveryDate`) VALUES ('0390162334946', 'pants', 'L', 'red', 85, '237', '1973-05-03 18:55:19');
INSERT INTO apparel (`id`, `type`, `size`, `color`, `qty`, `price`, `deliveryDate`) VALUES ('0421382215804', 'underwear', 'M', 'white', 383, '366', '1993-09-30 23:54:53');
INSERT INTO apparel (`id`, `type`, `size`, `color`, `qty`, `price`, `deliveryDate`) VALUES ('0485702735038', 'pants', 'L', 'green', 37, '1005', '2010-02-21 14:43:56');
INSERT INTO apparel (`id`, `type`, `size`, `color`, `qty`, `price`, `deliveryDate`) VALUES ('0537348191317', 'shoes', 'S', 'yellow', 473, '2819', '1976-09-03 16:05:16');
INSERT INTO apparel (`id`, `type`, `size`, `color`, `qty`, `price`, `deliveryDate`) VALUES ('0552727918644', 'socks', 'S', 'black', 276, '2710', '2002-03-26 11:04:49');
INSERT INTO apparel (`id`, `type`, `size`, `color`, `qty`, `price`, `deliveryDate`) VALUES ('0638331940964', 'shoes', 'S', 'black', 344, '1112', '2011-03-14 00:50:29');
INSERT INTO apparel (`id`, `type`, `size`, `color`, `qty`, `price`, `deliveryDate`) VALUES ('0684889930377', 'jacket', 'XS', 'white', 154, '930', '1982-01-21 16:52:17');
INSERT INTO apparel (`id`, `type`, `size`, `color`, `qty`, `price`, `deliveryDate`) VALUES ('0775231929184', 'socks', 'XXS', 'blue', 146, '259', '1970-09-18 21:49:16');
INSERT INTO apparel (`id`, `type`, `size`, `color`, `qty`, `price`, `deliveryDate`) VALUES ('0820403375945', 'jacket', 'S', 'yellow', 401, '2819', '1987-09-09 18:48:02');
INSERT INTO apparel (`id`, `type`, `size`, `color`, `qty`, `price`, `deliveryDate`) VALUES ('0844964391718', 'jacket', 'XXS', 'blue', 25, '1544', '1971-04-04 15:46:36');
INSERT INTO apparel (`id`, `type`, `size`, `color`, `qty`, `price`, `deliveryDate`) VALUES ('0845601222570', 'socks', 'S', 'yellow', 260, '2111', '1992-10-10 07:09:05');
INSERT INTO apparel (`id`, `type`, `size`, `color`, `qty`, `price`, `deliveryDate`) VALUES ('0846083249055', 'dress', 'XXS', 'yellow', 23, '2286', '1997-06-19 09:55:15');
INSERT INTO apparel (`id`, `type`, `size`, `color`, `qty`, `price`, `deliveryDate`) VALUES ('0941694503944', 'shoes', 'XL', 'red', 466, '1821', '1995-07-23 02:55:36');
INSERT INTO apparel (`id`, `type`, `size`, `color`, `qty`, `price`, `deliveryDate`) VALUES ('0993317570932', 'shoes', 'L', 'yellow', 394, '2369', '1993-11-11 01:32:56');
INSERT INTO apparel (`id`, `type`, `size`, `color`, `qty`, `price`, `deliveryDate`) VALUES ('1229972490797', 'dress', 'L', 'yellow', 305, '1802', '1992-05-31 17:22:29');
INSERT INTO apparel (`id`, `type`, `size`, `color`, `qty`, `price`, `deliveryDate`) VALUES ('1313657313577', 'pants', 'L', 'green', 286, '2312', '1975-10-10 04:38:50');
INSERT INTO apparel (`id`, `type`, `size`, `color`, `qty`, `price`, `deliveryDate`) VALUES ('1406731788498', 'dress', 'S', 'green', 227, '2932', '1984-07-15 02:25:28');
INSERT INTO apparel (`id`, `type`, `size`, `color`, `qty`, `price`, `deliveryDate`) VALUES ('1438019830926', 'underwear', 'XS', 'blue', 325, '2059', '1973-04-05 15:19:50');
INSERT INTO apparel (`id`, `type`, `size`, `color`, `qty`, `price`, `deliveryDate`) VALUES ('1440520700322', 'pants', 'M', 'black', 231, '1639', '1981-04-27 20:06:57');
INSERT INTO apparel (`id`, `type`, `size`, `color`, `qty`, `price`, `deliveryDate`) VALUES ('1484443178172', 'jacket', 'XL', 'green', 318, '329', '2003-06-08 07:12:32');
INSERT INTO apparel (`id`, `type`, `size`, `color`, `qty`, `price`, `deliveryDate`) VALUES ('1507737392723', 'shirt', 'XS', 'black', 490, '2912', '2014-03-20 07:27:38');
INSERT INTO apparel (`id`, `type`, `size`, `color`, `qty`, `price`, `deliveryDate`) VALUES ('1584142598841', 'pants', 'XXS', 'yellow', 218, '2678', '1993-05-11 15:02:32');
INSERT INTO apparel (`id`, `type`, `size`, `color`, `qty`, `price`, `deliveryDate`) VALUES ('1593951714908', 'jacket', 'XXS', 'blue', 130, '1330', '2002-06-05 01:57:35');
INSERT INTO apparel (`id`, `type`, `size`, `color`, `qty`, `price`, `deliveryDate`) VALUES ('1670238504176', 'socks', 'XXS', 'yellow', 405, '1818', '1994-11-29 05:06:01');
INSERT INTO apparel (`id`, `type`, `size`, `color`, `qty`, `price`, `deliveryDate`) VALUES ('1670980089747', 'jacket', 'L', 'yellow', 108, '1702', '2008-01-02 04:13:52');
INSERT INTO apparel (`id`, `type`, `size`, `color`, `qty`, `price`, `deliveryDate`) VALUES ('1739914210791', 'underwear', 'XL', 'black', 373, '707', '2004-08-03 20:51:44');
INSERT INTO apparel (`id`, `type`, `size`, `color`, `qty`, `price`, `deliveryDate`) VALUES ('1744899295435', 'shoes', 'XXS', 'yellow', 111, '1257', '2014-08-03 20:47:33');
INSERT INTO apparel (`id`, `type`, `size`, `color`, `qty`, `price`, `deliveryDate`) VALUES ('1775839947145', 'pants', 'M', 'white', 268, '2167', '2012-04-19 17:37:57');
INSERT INTO apparel (`id`, `type`, `size`, `color`, `qty`, `price`, `deliveryDate`) VALUES ('1818583072531', 'socks', 'M', 'yellow', 317, '501', '2001-01-06 13:45:18');
INSERT INTO apparel (`id`, `type`, `size`, `color`, `qty`, `price`, `deliveryDate`) VALUES ('2001546796691', 'dress', 'XXS', 'white', 149, '660', '2004-04-30 06:58:36');
INSERT INTO apparel (`id`, `type`, `size`, `color`, `qty`, `price`, `deliveryDate`) VALUES ('2004838780293', 'socks', 'XL', 'yellow', 271, '2495', '1982-04-19 12:09:52');
INSERT INTO apparel (`id`, `type`, `size`, `color`, `qty`, `price`, `deliveryDate`) VALUES ('2025489726010', 'shirt', 'S', 'green', 282, '1527', '1971-12-23 03:57:05');
INSERT INTO apparel (`id`, `type`, `size`, `color`, `qty`, `price`, `deliveryDate`) VALUES ('2030834833879', 'shirt', 'S', 'white', 290, '826', '1983-08-13 06:43:25');
INSERT INTO apparel (`id`, `type`, `size`, `color`, `qty`, `price`, `deliveryDate`) VALUES ('2154666514260', 'underwear', 'XL', 'blue', 213, '1230', '1978-01-01 09:50:01');
INSERT INTO apparel (`id`, `type`, `size`, `color`, `qty`, `price`, `deliveryDate`) VALUES ('2171146774648', 'socks', 'M', 'black', 405, '760', '1998-05-10 19:49:17');
INSERT INTO apparel (`id`, `type`, `size`, `color`, `qty`, `price`, `deliveryDate`) VALUES ('2208543101118', 'dress', 'S', 'black', 52, '2744', '2014-12-26 02:59:47');
INSERT INTO apparel (`id`, `type`, `size`, `color`, `qty`, `price`, `deliveryDate`) VALUES ('2232875233346', 'shirt', 'M', 'red', 468, '1936', '1995-09-23 11:20:22');
INSERT INTO apparel (`id`, `type`, `size`, `color`, `qty`, `price`, `deliveryDate`) VALUES ('2247479212598', 'underwear', 'L', 'white', 377, '1237', '1988-06-08 19:07:47');
INSERT INTO apparel (`id`, `type`, `size`, `color`, `qty`, `price`, `deliveryDate`) VALUES ('2327480010519', 'jacket', 'XS', 'blue', 17, '1857', '2013-01-20 21:53:45');
INSERT INTO apparel (`id`, `type`, `size`, `color`, `qty`, `price`, `deliveryDate`) VALUES ('2377298667351', 'underwear', 'XXS', 'red', 439, '1739', '1996-10-05 11:38:41');
INSERT INTO apparel (`id`, `type`, `size`, `color`, `qty`, `price`, `deliveryDate`) VALUES ('2418782991627', 'socks', 'M', 'black', 45, '1739', '1991-11-15 02:34:19');
INSERT INTO apparel (`id`, `type`, `size`, `color`, `qty`, `price`, `deliveryDate`) VALUES ('2419949681528', 'dress', 'XS', 'red', 63, '2565', '2014-11-27 14:18:47');
INSERT INTO apparel (`id`, `type`, `size`, `color`, `qty`, `price`, `deliveryDate`) VALUES ('2483066073962', 'socks', 'S', 'blue', 493, '2782', '2000-07-12 09:42:09');
INSERT INTO apparel (`id`, `type`, `size`, `color`, `qty`, `price`, `deliveryDate`) VALUES ('2531763687651', 'dress', 'XL', 'blue', 250, '602', '1977-08-10 23:55:01');
INSERT INTO apparel (`id`, `type`, `size`, `color`, `qty`, `price`, `deliveryDate`) VALUES ('2541951339637', 'socks', 'S', 'yellow', 178, '1324', '1984-11-20 00:41:58');
INSERT INTO apparel (`id`, `type`, `size`, `color`, `qty`, `price`, `deliveryDate`) VALUES ('2623631633904', 'jacket', 'S', 'black', 239, '2985', '2010-11-17 18:23:31');
INSERT INTO apparel (`id`, `type`, `size`, `color`, `qty`, `price`, `deliveryDate`) VALUES ('2630690267315', 'jacket', 'XXS', 'green', 191, '2607', '1979-05-23 14:52:57');
INSERT INTO apparel (`id`, `type`, `size`, `color`, `qty`, `price`, `deliveryDate`) VALUES ('2648569909020', 'dress', 'XS', 'blue', 80, '1996', '2000-06-03 11:46:04');
INSERT INTO apparel (`id`, `type`, `size`, `color`, `qty`, `price`, `deliveryDate`) VALUES ('2659749470254', 'underwear', 'S', 'yellow', 293, '2410', '2017-03-27 19:35:47');
INSERT INTO apparel (`id`, `type`, `size`, `color`, `qty`, `price`, `deliveryDate`) VALUES ('2737556460191', 'jacket', 'M', 'green', 172, '1124', '1982-03-29 06:36:24');
INSERT INTO apparel (`id`, `type`, `size`, `color`, `qty`, `price`, `deliveryDate`) VALUES ('2757586641100', 'jacket', 'L', 'black', 421, '1891', '2005-12-25 17:52:03');
INSERT INTO apparel (`id`, `type`, `size`, `color`, `qty`, `price`, `deliveryDate`) VALUES ('2806863247440', 'shoes', 'XS', 'black', 342, '317', '2008-04-20 04:41:25');
INSERT INTO apparel (`id`, `type`, `size`, `color`, `qty`, `price`, `deliveryDate`) VALUES ('2825055210499', 'underwear', 'M', 'black', 334, '1456', '2003-11-28 04:08:11');
INSERT INTO apparel (`id`, `type`, `size`, `color`, `qty`, `price`, `deliveryDate`) VALUES ('2848118210540', 'shirt', 'XS', 'black', 156, '2212', '2015-11-27 17:11:31');
INSERT INTO apparel (`id`, `type`, `size`, `color`, `qty`, `price`, `deliveryDate`) VALUES ('2936518807023', 'underwear', 'L', 'red', 204, '1284', '2009-08-31 21:45:57');
INSERT INTO apparel (`id`, `type`, `size`, `color`, `qty`, `price`, `deliveryDate`) VALUES ('3000910726103', 'socks', 'L', 'black', 18, '136', '2004-05-28 17:24:03');
INSERT INTO apparel (`id`, `type`, `size`, `color`, `qty`, `price`, `deliveryDate`) VALUES ('3013787277074', 'underwear', 'M', 'black', 231, '2534', '1989-09-25 23:59:51');
INSERT INTO apparel (`id`, `type`, `size`, `color`, `qty`, `price`, `deliveryDate`) VALUES ('3050210778029', 'dress', 'XS', 'green', 14, '1321', '1973-04-05 19:04:24');
INSERT INTO apparel (`id`, `type`, `size`, `color`, `qty`, `price`, `deliveryDate`) VALUES ('3068427000314', 'shoes', 'XXS', 'white', 269, '466', '1983-02-16 21:04:46');
INSERT INTO apparel (`id`, `type`, `size`, `color`, `qty`, `price`, `deliveryDate`) VALUES ('3101184424228', 'jacket', 'L', 'yellow', 242, '1733', '1978-12-26 22:17:46');
INSERT INTO apparel (`id`, `type`, `size`, `color`, `qty`, `price`, `deliveryDate`) VALUES ('3144161002279', 'shirt', 'XS', 'black', 119, '1799', '2012-03-08 09:23:22');
INSERT INTO apparel (`id`, `type`, `size`, `color`, `qty`, `price`, `deliveryDate`) VALUES ('3148417442581', 'pants', 'S', 'red', 130, '1906', '2007-10-29 03:24:52');
INSERT INTO apparel (`id`, `type`, `size`, `color`, `qty`, `price`, `deliveryDate`) VALUES ('3172280848560', 'pants', 'XS', 'green', 195, '1107', '1977-10-24 01:28:34');
INSERT INTO apparel (`id`, `type`, `size`, `color`, `qty`, `price`, `deliveryDate`) VALUES ('3196559240084', 'jacket', 'XXS', 'white', 351, '1729', '1984-12-20 17:21:20');
INSERT INTO apparel (`id`, `type`, `size`, `color`, `qty`, `price`, `deliveryDate`) VALUES ('3336151197700', 'socks', 'L', 'green', 476, '1640', '2002-10-12 02:30:07');
INSERT INTO apparel (`id`, `type`, `size`, `color`, `qty`, `price`, `deliveryDate`) VALUES ('3346960587401', 'shoes', 'L', 'green', 244, '1292', '1986-06-28 04:02:32');
INSERT INTO apparel (`id`, `type`, `size`, `color`, `qty`, `price`, `deliveryDate`) VALUES ('3362488658898', 'pants', 'XL', 'red', 284, '2853', '2005-09-07 23:15:48');
INSERT INTO apparel (`id`, `type`, `size`, `color`, `qty`, `price`, `deliveryDate`) VALUES ('3655778147234', 'underwear', 'XS', 'yellow', 433, '488', '1994-09-25 22:51:45');
INSERT INTO apparel (`id`, `type`, `size`, `color`, `qty`, `price`, `deliveryDate`) VALUES ('3722495163295', 'underwear', 'XS', 'white', 398, '1842', '1999-08-30 17:57:43');
INSERT INTO apparel (`id`, `type`, `size`, `color`, `qty`, `price`, `deliveryDate`) VALUES ('3785347258464', 'jacket', 'XL', 'blue', 168, '1206', '2013-10-02 19:33:20');
INSERT INTO apparel (`id`, `type`, `size`, `color`, `qty`, `price`, `deliveryDate`) VALUES ('3851836928795', 'socks', 'XL', 'white', 199, '842', '2001-09-16 17:38:45');
INSERT INTO apparel (`id`, `type`, `size`, `color`, `qty`, `price`, `deliveryDate`) VALUES ('3878276033407', 'jacket', 'M', 'red', 390, '1935', '1970-01-03 07:31:30');
INSERT INTO apparel (`id`, `type`, `size`, `color`, `qty`, `price`, `deliveryDate`) VALUES ('3879040997864', 'dress', 'XXS', 'black', 198, '513', '2010-11-20 06:32:13');
INSERT INTO apparel (`id`, `type`, `size`, `color`, `qty`, `price`, `deliveryDate`) VALUES ('3925780924148', 'underwear', 'XXS', 'white', 365, '763', '2000-09-23 07:10:23');
INSERT INTO apparel (`id`, `type`, `size`, `color`, `qty`, `price`, `deliveryDate`) VALUES ('4055906609389', 'underwear', 'L', 'green', 203, '2695', '2009-01-18 17:30:39');
INSERT INTO apparel (`id`, `type`, `size`, `color`, `qty`, `price`, `deliveryDate`) VALUES ('4076124374903', 'shoes', 'M', 'white', 355, '534', '1981-11-27 08:21:08');
INSERT INTO apparel (`id`, `type`, `size`, `color`, `qty`, `price`, `deliveryDate`) VALUES ('4077704892206', 'shoes', 'L', 'blue', 70, '2843', '2007-09-29 15:39:04');
INSERT INTO apparel (`id`, `type`, `size`, `color`, `qty`, `price`, `deliveryDate`) VALUES ('4171129173404', 'socks', 'XXS', 'white', 344, '2276', '1972-08-29 10:05:45');
INSERT INTO apparel (`id`, `type`, `size`, `color`, `qty`, `price`, `deliveryDate`) VALUES ('4199880055708', 'shirt', 'L', 'white', 165, '1886', '1971-02-16 06:48:29');
INSERT INTO apparel (`id`, `type`, `size`, `color`, `qty`, `price`, `deliveryDate`) VALUES ('4213869308910', 'socks', 'XXS', 'black', 108, '1267', '1973-11-05 06:10:44');
INSERT INTO apparel (`id`, `type`, `size`, `color`, `qty`, `price`, `deliveryDate`) VALUES ('4222260353436', 'shoes', 'XXS', 'white', 113, '1123', '2013-05-03 05:36:45');
INSERT INTO apparel (`id`, `type`, `size`, `color`, `qty`, `price`, `deliveryDate`) VALUES ('4289423691415', 'shirt', 'S', 'green', 244, '2408', '1979-12-02 23:05:29');
INSERT INTO apparel (`id`, `type`, `size`, `color`, `qty`, `price`, `deliveryDate`) VALUES ('4381058496660', 'shoes', 'XXS', 'yellow', 318, '2586', '1976-01-09 14:15:15');
INSERT INTO apparel (`id`, `type`, `size`, `color`, `qty`, `price`, `deliveryDate`) VALUES ('4400991677223', 'pants', 'XS', 'black', 58, '1069', '1989-06-04 00:46:42');
INSERT INTO apparel (`id`, `type`, `size`, `color`, `qty`, `price`, `deliveryDate`) VALUES ('4440303012083', 'socks', 'XS', 'yellow', 408, '2293', '2006-06-10 07:44:33');
INSERT INTO apparel (`id`, `type`, `size`, `color`, `qty`, `price`, `deliveryDate`) VALUES ('4450782493686', 'socks', 'S', 'white', 27, '2458', '2009-07-29 11:53:53');
INSERT INTO apparel (`id`, `type`, `size`, `color`, `qty`, `price`, `deliveryDate`) VALUES ('4515258670739', 'shirt', 'XXS', 'blue', 463, '873', '2006-01-22 01:23:33');
INSERT INTO apparel (`id`, `type`, `size`, `color`, `qty`, `price`, `deliveryDate`) VALUES ('4525375088263', 'socks', 'XXS', 'red', 422, '2901', '1994-09-03 18:35:52');
INSERT INTO apparel (`id`, `type`, `size`, `color`, `qty`, `price`, `deliveryDate`) VALUES ('4563488547499', 'dress', 'S', 'red', 307, '1212', '1998-09-16 12:50:15');
INSERT INTO apparel (`id`, `type`, `size`, `color`, `qty`, `price`, `deliveryDate`) VALUES ('4682325656825', 'jacket', 'XXS', 'yellow', 45, '514', '1983-07-18 07:23:26');
INSERT INTO apparel (`id`, `type`, `size`, `color`, `qty`, `price`, `deliveryDate`) VALUES ('4723842158840', 'dress', 'XS', 'yellow', 443, '1748', '1974-03-21 13:10:19');
INSERT INTO apparel (`id`, `type`, `size`, `color`, `qty`, `price`, `deliveryDate`) VALUES ('4741541113380', 'socks', 'XL', 'red', 456, '1514', '2008-12-27 11:58:54');
INSERT INTO apparel (`id`, `type`, `size`, `color`, `qty`, `price`, `deliveryDate`) VALUES ('4746943931143', 'shoes', 'S', 'yellow', 120, '2960', '1993-08-07 16:17:21');
INSERT INTO apparel (`id`, `type`, `size`, `color`, `qty`, `price`, `deliveryDate`) VALUES ('4779984912338', 'dress', 'XS', 'green', 47, '1354', '2010-01-09 15:28:54');
INSERT INTO apparel (`id`, `type`, `size`, `color`, `qty`, `price`, `deliveryDate`) VALUES ('4788197091037', 'shirt', 'XS', 'white', 233, '1008', '1971-01-15 03:01:05');
INSERT INTO apparel (`id`, `type`, `size`, `color`, `qty`, `price`, `deliveryDate`) VALUES ('4793923471533', 'pants', 'XS', 'black', 252, '2383', '1970-11-04 05:07:16');
INSERT INTO apparel (`id`, `type`, `size`, `color`, `qty`, `price`, `deliveryDate`) VALUES ('4803097721560', 'jacket', 'S', 'yellow', 411, '2400', '1973-05-13 07:47:02');
INSERT INTO apparel (`id`, `type`, `size`, `color`, `qty`, `price`, `deliveryDate`) VALUES ('4903396781200', 'underwear', 'S', 'green', 210, '1933', '1999-03-18 17:33:08');
INSERT INTO apparel (`id`, `type`, `size`, `color`, `qty`, `price`, `deliveryDate`) VALUES ('4971261122090', 'pants', 'XXS', 'green', 377, '2550', '1985-11-28 17:57:35');
INSERT INTO apparel (`id`, `type`, `size`, `color`, `qty`, `price`, `deliveryDate`) VALUES ('5097220182987', 'shirt', 'XXS', 'white', 109, '2243', '2005-02-01 05:50:16');
INSERT INTO apparel (`id`, `type`, `size`, `color`, `qty`, `price`, `deliveryDate`) VALUES ('5147522820039', 'jacket', 'L', 'black', 154, '2478', '1977-02-24 16:30:16');
INSERT INTO apparel (`id`, `type`, `size`, `color`, `qty`, `price`, `deliveryDate`) VALUES ('5210966573950', 'underwear', 'S', 'white', 213, '417', '2011-06-08 07:23:06');
INSERT INTO apparel (`id`, `type`, `size`, `color`, `qty`, `price`, `deliveryDate`) VALUES ('5225338054432', 'shoes', 'XL', 'white', 441, '147', '2011-02-24 10:39:26');
INSERT INTO apparel (`id`, `type`, `size`, `color`, `qty`, `price`, `deliveryDate`) VALUES ('5231989908598', 'underwear', 'M', 'yellow', 248, '2811', '1999-06-21 06:13:49');
INSERT INTO apparel (`id`, `type`, `size`, `color`, `qty`, `price`, `deliveryDate`) VALUES ('5274167103538', 'pants', 'S', 'blue', 423, '682', '1970-02-01 21:18:49');
INSERT INTO apparel (`id`, `type`, `size`, `color`, `qty`, `price`, `deliveryDate`) VALUES ('5301939179443', 'dress', 'M', 'green', 235, '297', '1975-10-26 23:04:16');
INSERT INTO apparel (`id`, `type`, `size`, `color`, `qty`, `price`, `deliveryDate`) VALUES ('5318368616074', 'pants', 'L', 'yellow', 143, '2064', '1998-06-04 23:33:07');
INSERT INTO apparel (`id`, `type`, `size`, `color`, `qty`, `price`, `deliveryDate`) VALUES ('5488203838647', 'dress', 'XL', 'green', 298, '2184', '2009-03-13 17:40:24');
INSERT INTO apparel (`id`, `type`, `size`, `color`, `qty`, `price`, `deliveryDate`) VALUES ('5563051184204', 'socks', 'S', 'black', 106, '349', '1984-10-02 06:21:04');
INSERT INTO apparel (`id`, `type`, `size`, `color`, `qty`, `price`, `deliveryDate`) VALUES ('5602935229744', 'dress', 'L', 'blue', 104, '2979', '2001-11-29 17:08:49');
INSERT INTO apparel (`id`, `type`, `size`, `color`, `qty`, `price`, `deliveryDate`) VALUES ('5673597676344', 'pants', 'XXS', 'white', 374, '1415', '1973-12-05 12:48:38');
INSERT INTO apparel (`id`, `type`, `size`, `color`, `qty`, `price`, `deliveryDate`) VALUES ('5725239677834', 'shirt', 'M', 'blue', 203, '873', '1989-06-22 12:21:33');
INSERT INTO apparel (`id`, `type`, `size`, `color`, `qty`, `price`, `deliveryDate`) VALUES ('5744695206181', 'shoes', 'L', 'red', 85, '2760', '2001-11-06 08:55:47');
INSERT INTO apparel (`id`, `type`, `size`, `color`, `qty`, `price`, `deliveryDate`) VALUES ('5753819446136', 'dress', 'XXS', 'blue', 46, '2776', '1987-07-26 20:42:48');
INSERT INTO apparel (`id`, `type`, `size`, `color`, `qty`, `price`, `deliveryDate`) VALUES ('5812094407765', 'shirt', 'XL', 'black', 15, '780', '2007-11-11 01:46:52');
INSERT INTO apparel (`id`, `type`, `size`, `color`, `qty`, `price`, `deliveryDate`) VALUES ('5929107974432', 'shirt', 'XS', 'yellow', 50, '1070', '1973-08-26 17:36:55');
INSERT INTO apparel (`id`, `type`, `size`, `color`, `qty`, `price`, `deliveryDate`) VALUES ('5935518685706', 'jacket', 'M', 'red', 106, '2041', '1982-02-15 13:26:57');
INSERT INTO apparel (`id`, `type`, `size`, `color`, `qty`, `price`, `deliveryDate`) VALUES ('6024478157138', 'dress', 'XS', 'white', 157, '2776', '1978-12-15 01:58:59');
INSERT INTO apparel (`id`, `type`, `size`, `color`, `qty`, `price`, `deliveryDate`) VALUES ('6065062746321', 'underwear', 'L', 'white', 155, '1705', '1980-08-10 07:37:01');
INSERT INTO apparel (`id`, `type`, `size`, `color`, `qty`, `price`, `deliveryDate`) VALUES ('6136373930768', 'socks', 'L', 'green', 195, '1158', '1996-07-05 02:16:50');
INSERT INTO apparel (`id`, `type`, `size`, `color`, `qty`, `price`, `deliveryDate`) VALUES ('6165448263593', 'underwear', 'XL', 'white', 355, '2488', '2001-04-03 11:02:58');
INSERT INTO apparel (`id`, `type`, `size`, `color`, `qty`, `price`, `deliveryDate`) VALUES ('6211059768276', 'jacket', 'M', 'white', 147, '704', '2014-09-24 06:39:41');
INSERT INTO apparel (`id`, `type`, `size`, `color`, `qty`, `price`, `deliveryDate`) VALUES ('6305438537284', 'shoes', 'L', 'yellow', 392, '554', '2003-06-16 05:02:26');
INSERT INTO apparel (`id`, `type`, `size`, `color`, `qty`, `price`, `deliveryDate`) VALUES ('6373009997836', 'underwear', 'XL', 'white', 240, '899', '2003-04-07 15:42:20');
INSERT INTO apparel (`id`, `type`, `size`, `color`, `qty`, `price`, `deliveryDate`) VALUES ('6395434151287', 'underwear', 'XS', 'white', 346, '2866', '1984-12-17 08:06:38');
INSERT INTO apparel (`id`, `type`, `size`, `color`, `qty`, `price`, `deliveryDate`) VALUES ('6448562532203', 'socks', 'L', 'white', 207, '1225', '1999-06-27 23:32:26');
INSERT INTO apparel (`id`, `type`, `size`, `color`, `qty`, `price`, `deliveryDate`) VALUES ('6524183771068', 'shoes', 'S', 'black', 265, '2079', '1975-03-09 21:09:33');
INSERT INTO apparel (`id`, `type`, `size`, `color`, `qty`, `price`, `deliveryDate`) VALUES ('6606082715562', 'jacket', 'XL', 'yellow', 272, '1300', '1997-09-25 13:52:57');
INSERT INTO apparel (`id`, `type`, `size`, `color`, `qty`, `price`, `deliveryDate`) VALUES ('6795215813012', 'pants', 'L', 'yellow', 241, '2617', '1981-06-17 00:13:57');
INSERT INTO apparel (`id`, `type`, `size`, `color`, `qty`, `price`, `deliveryDate`) VALUES ('6815576884213', 'shirt', 'M', 'white', 463, '2490', '1998-02-20 16:22:58');
INSERT INTO apparel (`id`, `type`, `size`, `color`, `qty`, `price`, `deliveryDate`) VALUES ('6850274187204', 'shirt', 'XXS', 'black', 50, '588', '1975-04-19 10:04:26');
INSERT INTO apparel (`id`, `type`, `size`, `color`, `qty`, `price`, `deliveryDate`) VALUES ('6858159512585', 'pants', 'L', 'white', 148, '852', '1970-10-17 01:32:57');
INSERT INTO apparel (`id`, `type`, `size`, `color`, `qty`, `price`, `deliveryDate`) VALUES ('6862345898490', 'socks', 'XL', 'black', 470, '1540', '1984-12-30 23:12:30');
INSERT INTO apparel (`id`, `type`, `size`, `color`, `qty`, `price`, `deliveryDate`) VALUES ('6962796997244', 'dress', 'XXS', 'black', 433, '899', '1971-11-06 10:00:59');
INSERT INTO apparel (`id`, `type`, `size`, `color`, `qty`, `price`, `deliveryDate`) VALUES ('6981478101724', 'socks', 'M', 'green', 215, '906', '1996-03-26 10:33:16');
INSERT INTO apparel (`id`, `type`, `size`, `color`, `qty`, `price`, `deliveryDate`) VALUES ('7004579895282', 'underwear', 'L', 'green', 262, '2091', '1974-06-17 23:47:38');
INSERT INTO apparel (`id`, `type`, `size`, `color`, `qty`, `price`, `deliveryDate`) VALUES ('7018451008707', 'shoes', 'M', 'yellow', 346, '646', '1992-10-04 18:37:09');
INSERT INTO apparel (`id`, `type`, `size`, `color`, `qty`, `price`, `deliveryDate`) VALUES ('7057385560615', 'underwear', 'L', 'green', 75, '2110', '1986-11-27 19:18:16');
INSERT INTO apparel (`id`, `type`, `size`, `color`, `qty`, `price`, `deliveryDate`) VALUES ('7124347356927', 'jacket', 'XS', 'black', 111, '465', '2007-08-28 21:35:57');
INSERT INTO apparel (`id`, `type`, `size`, `color`, `qty`, `price`, `deliveryDate`) VALUES ('7154978593361', 'jacket', 'M', 'green', 272, '1798', '1974-05-12 03:43:37');
INSERT INTO apparel (`id`, `type`, `size`, `color`, `qty`, `price`, `deliveryDate`) VALUES ('7287854173866', 'socks', 'XS', 'blue', 170, '667', '1971-12-07 03:33:57');
INSERT INTO apparel (`id`, `type`, `size`, `color`, `qty`, `price`, `deliveryDate`) VALUES ('7639387699243', 'jacket', 'XS', 'green', 239, '1545', '1989-08-12 18:52:55');
INSERT INTO apparel (`id`, `type`, `size`, `color`, `qty`, `price`, `deliveryDate`) VALUES ('7661416469480', 'jacket', 'XL', 'black', 56, '2421', '1999-05-27 08:50:56');
INSERT INTO apparel (`id`, `type`, `size`, `color`, `qty`, `price`, `deliveryDate`) VALUES ('7669697261380', 'underwear', 'XS', 'black', 214, '152', '1972-12-13 10:17:55');
INSERT INTO apparel (`id`, `type`, `size`, `color`, `qty`, `price`, `deliveryDate`) VALUES ('7682673193611', 'socks', 'XL', 'black', 188, '972', '1986-08-10 18:16:18');
INSERT INTO apparel (`id`, `type`, `size`, `color`, `qty`, `price`, `deliveryDate`) VALUES ('7696553112128', 'dress', 'XS', 'white', 293, '278', '2013-03-23 13:53:30');
INSERT INTO apparel (`id`, `type`, `size`, `color`, `qty`, `price`, `deliveryDate`) VALUES ('7831868892086', 'shoes', 'XS', 'yellow', 105, '2979', '1982-08-04 18:41:08');
INSERT INTO apparel (`id`, `type`, `size`, `color`, `qty`, `price`, `deliveryDate`) VALUES ('7888423347536', 'jacket', 'S', 'black', 364, '2613', '2003-12-17 16:12:09');
INSERT INTO apparel (`id`, `type`, `size`, `color`, `qty`, `price`, `deliveryDate`) VALUES ('7894729321507', 'shoes', 'XS', 'red', 77, '491', '2017-08-05 19:52:22');
INSERT INTO apparel (`id`, `type`, `size`, `color`, `qty`, `price`, `deliveryDate`) VALUES ('8039087828834', 'dress', 'M', 'red', 390, '1807', '2016-04-20 23:38:24');
INSERT INTO apparel (`id`, `type`, `size`, `color`, `qty`, `price`, `deliveryDate`) VALUES ('8143222820314', 'jacket', 'S', 'blue', 447, '2734', '2004-04-12 12:58:56');
INSERT INTO apparel (`id`, `type`, `size`, `color`, `qty`, `price`, `deliveryDate`) VALUES ('8164013367061', 'shirt', 'M', 'yellow', 331, '681', '1970-04-04 08:09:55');
INSERT INTO apparel (`id`, `type`, `size`, `color`, `qty`, `price`, `deliveryDate`) VALUES ('8253154168511', 'shoes', 'XL', 'black', 138, '2809', '2010-03-06 11:04:19');
INSERT INTO apparel (`id`, `type`, `size`, `color`, `qty`, `price`, `deliveryDate`) VALUES ('8274876125774', 'jacket', 'M', 'red', 127, '860', '1999-02-10 11:55:25');
INSERT INTO apparel (`id`, `type`, `size`, `color`, `qty`, `price`, `deliveryDate`) VALUES ('8322873815096', 'shirt', 'S', 'yellow', 161, '1785', '1976-03-14 19:33:27');
INSERT INTO apparel (`id`, `type`, `size`, `color`, `qty`, `price`, `deliveryDate`) VALUES ('8337251286931', 'shoes', 'M', 'black', 19, '404', '2013-01-05 06:37:37');
INSERT INTO apparel (`id`, `type`, `size`, `color`, `qty`, `price`, `deliveryDate`) VALUES ('8361589954750', 'pants', 'XL', 'yellow', 461, '145', '1989-06-15 05:53:17');
INSERT INTO apparel (`id`, `type`, `size`, `color`, `qty`, `price`, `deliveryDate`) VALUES ('8436399970600', 'jacket', 'M', 'black', 36, '1331', '1972-05-08 20:53:42');
INSERT INTO apparel (`id`, `type`, `size`, `color`, `qty`, `price`, `deliveryDate`) VALUES ('8533113175904', 'dress', 'XL', 'blue', 389, '1490', '2014-12-04 05:34:32');
INSERT INTO apparel (`id`, `type`, `size`, `color`, `qty`, `price`, `deliveryDate`) VALUES ('8719064810075', 'shirt', 'XS', 'yellow', 55, '1054', '2009-08-24 03:14:34');
INSERT INTO apparel (`id`, `type`, `size`, `color`, `qty`, `price`, `deliveryDate`) VALUES ('8820016541807', 'underwear', 'S', 'white', 311, '1590', '1983-05-10 06:57:55');
INSERT INTO apparel (`id`, `type`, `size`, `color`, `qty`, `price`, `deliveryDate`) VALUES ('8828941316903', 'dress', 'L', 'yellow', 167, '2238', '1991-03-31 10:55:53');
INSERT INTO apparel (`id`, `type`, `size`, `color`, `qty`, `price`, `deliveryDate`) VALUES ('8855925997032', 'jacket', 'XS', 'white', 417, '386', '1993-11-11 05:56:01');
INSERT INTO apparel (`id`, `type`, `size`, `color`, `qty`, `price`, `deliveryDate`) VALUES ('8931361459225', 'underwear', 'XS', 'yellow', 309, '2876', '1987-07-30 13:33:22');
INSERT INTO apparel (`id`, `type`, `size`, `color`, `qty`, `price`, `deliveryDate`) VALUES ('9085159784194', 'jacket', 'S', 'red', 253, '228', '1972-04-08 17:02:07');
INSERT INTO apparel (`id`, `type`, `size`, `color`, `qty`, `price`, `deliveryDate`) VALUES ('9089617160780', 'pants', 'XXS', 'black', 268, '593', '1994-04-23 09:33:20');
INSERT INTO apparel (`id`, `type`, `size`, `color`, `qty`, `price`, `deliveryDate`) VALUES ('9107937536532', 'underwear', 'L', 'white', 110, '396', '1987-01-09 01:26:15');
INSERT INTO apparel (`id`, `type`, `size`, `color`, `qty`, `price`, `deliveryDate`) VALUES ('9180544068245', 'jacket', 'XL', 'blue', 391, '1969', '2007-04-07 03:03:08');
INSERT INTO apparel (`id`, `type`, `size`, `color`, `qty`, `price`, `deliveryDate`) VALUES ('9311565134866', 'pants', 'XL', 'white', 333, '1563', '2001-10-04 14:45:42');
INSERT INTO apparel (`id`, `type`, `size`, `color`, `qty`, `price`, `deliveryDate`) VALUES ('9402896903921', 'pants', 'XL', 'green', 205, '228', '2012-11-24 14:17:28');
INSERT INTO apparel (`id`, `type`, `size`, `color`, `qty`, `price`, `deliveryDate`) VALUES ('9403924946309', 'socks', 'M', 'red', 304, '2792', '1977-07-12 20:24:33');
INSERT INTO apparel (`id`, `type`, `size`, `color`, `qty`, `price`, `deliveryDate`) VALUES ('9414432489714', 'pants', 'M', 'white', 53, '1733', '1986-01-08 11:02:08');
INSERT INTO apparel (`id`, `type`, `size`, `color`, `qty`, `price`, `deliveryDate`) VALUES ('9516591249809', 'underwear', 'XXS', 'yellow', 376, '1118', '2001-01-10 07:52:52');
INSERT INTO apparel (`id`, `type`, `size`, `color`, `qty`, `price`, `deliveryDate`) VALUES ('9552349141209', 'underwear', 'XS', 'green', 88, '2518', '1993-05-30 23:10:20');
INSERT INTO apparel (`id`, `type`, `size`, `color`, `qty`, `price`, `deliveryDate`) VALUES ('9556499158803', 'underwear', 'XS', 'red', 332, '2737', '1998-01-03 23:49:11');
INSERT INTO apparel (`id`, `type`, `size`, `color`, `qty`, `price`, `deliveryDate`) VALUES ('9565926059477', 'shirt', 'S', 'blue', 199, '561', '1982-04-18 20:34:23');
INSERT INTO apparel (`id`, `type`, `size`, `color`, `qty`, `price`, `deliveryDate`) VALUES ('9584508174117', 'shoes', 'L', 'black', 263, '551', '1985-11-30 16:18:22');
INSERT INTO apparel (`id`, `type`, `size`, `color`, `qty`, `price`, `deliveryDate`) VALUES ('9593295780531', 'pants', 'XXS', 'yellow', 357, '1573', '2001-09-05 03:42:41');
INSERT INTO apparel (`id`, `type`, `size`, `color`, `qty`, `price`, `deliveryDate`) VALUES ('9648000137541', 'shoes', 'XS', 'yellow', 441, '1556', '2013-08-12 22:46:16');
INSERT INTO apparel (`id`, `type`, `size`, `color`, `qty`, `price`, `deliveryDate`) VALUES ('9649492283686', 'underwear', 'M', 'black', 406, '977', '2016-03-05 17:05:21');
INSERT INTO apparel (`id`, `type`, `size`, `color`, `qty`, `price`, `deliveryDate`) VALUES ('9667816114904', 'jacket', 'XXS', 'black', 316, '2626', '1986-12-23 02:11:16');
INSERT INTO apparel (`id`, `type`, `size`, `color`, `qty`, `price`, `deliveryDate`) VALUES ('9694453282079', 'shirt', 'XL', 'red', 204, '2547', '1988-09-16 15:02:02');
INSERT INTO apparel (`id`, `type`, `size`, `color`, `qty`, `price`, `deliveryDate`) VALUES ('9720655470294', 'shirt', 'XL', 'red', 396, '991', '2005-05-28 04:05:56');
INSERT INTO apparel (`id`, `type`, `size`, `color`, `qty`, `price`, `deliveryDate`) VALUES ('9763294246097', 'jacket', 'S', 'green', 414, '529', '2016-08-29 20:12:03');
INSERT INTO apparel (`id`, `type`, `size`, `color`, `qty`, `price`, `deliveryDate`) VALUES ('9804928827937', 'socks', 'M', 'blue', 475, '1784', '1993-03-03 04:11:38');
INSERT INTO apparel (`id`, `type`, `size`, `color`, `qty`, `price`, `deliveryDate`) VALUES ('9899116017917', 'shoes', 'S', 'blue', 275, '310', '1972-06-27 14:07:51');
INSERT INTO apparel (`id`, `type`, `size`, `color`, `qty`, `price`, `deliveryDate`) VALUES ('9973225550036', 'underwear', 'XS', 'blue', 391, '163', '1980-12-10 02:31:26');
INSERT INTO apparel (`id`, `type`, `size`, `color`, `qty`, `price`, `deliveryDate`) VALUES ('9986230257456', 'shoes', 'XXS', 'yellow', 53, '2347', '1984-04-11 21:51:24');


#
# TABLE STRUCTURE FOR: audit
#

INSERT INTO audit (`id`, `timestamp`, `employee`, `action`) VALUES ('0368143779567', '1998-05-08 16:39:37', 'chesley68', 'view');
INSERT INTO audit (`id`, `timestamp`, `employee`, `action`) VALUES ('0650973094584', '2014-05-06 03:01:07', 'ybatz', 'view');
INSERT INTO audit (`id`, `timestamp`, `employee`, `action`) VALUES ('0682571199613', '1975-07-29 16:08:32', 'clovis90', 'add');
INSERT INTO audit (`id`, `timestamp`, `employee`, `action`) VALUES ('0990490632280', '2004-09-02 14:06:49', 'phoebe.rya', 'add');
INSERT INTO audit (`id`, `timestamp`, `employee`, `action`) VALUES ('1030772503439', '2004-08-22 21:34:22', 'willa66', 'sell');
INSERT INTO audit (`id`, `timestamp`, `employee`, `action`) VALUES ('1284882366785', '2014-07-10 08:14:27', 'phoebe.rya', 'view');
INSERT INTO audit (`id`, `timestamp`, `employee`, `action`) VALUES ('1383145403783', '1976-03-05 10:37:40', 'clovis90', 'modify');
INSERT INTO audit (`id`, `timestamp`, `employee`, `action`) VALUES ('1400275963052', '2000-07-01 12:40:59', 'osporer', 'sell');
INSERT INTO audit (`id`, `timestamp`, `employee`, `action`) VALUES ('1432026363194', '2005-02-20 16:05:57', 'osporer', 'view');
INSERT INTO audit (`id`, `timestamp`, `employee`, `action`) VALUES ('1434258384718', '2002-04-05 07:00:47', 'chesley68', 'view');
INSERT INTO audit (`id`, `timestamp`, `employee`, `action`) VALUES ('1721408675124', '2008-04-28 11:15:31', 'chesley68', 'modify');
INSERT INTO audit (`id`, `timestamp`, `employee`, `action`) VALUES ('1777542226142', '1972-12-06 14:40:51', 'halvorson.', 'remove');
INSERT INTO audit (`id`, `timestamp`, `employee`, `action`) VALUES ('2121934475622', '2007-02-02 01:20:18', 'adolf18', 'sell');
INSERT INTO audit (`id`, `timestamp`, `employee`, `action`) VALUES ('2148166951014', '1979-06-18 23:57:09', 'jacquelyn5', 'remove');
INSERT INTO audit (`id`, `timestamp`, `employee`, `action`) VALUES ('2362040196890', '1996-11-16 23:32:31', 'osporer', 'view');
INSERT INTO audit (`id`, `timestamp`, `employee`, `action`) VALUES ('2435183468763', '1991-12-02 15:48:05', 'xnienow', 'view');
INSERT INTO audit (`id`, `timestamp`, `employee`, `action`) VALUES ('2626127647652', '1980-05-19 09:26:08', 'towne.jaba', 'sell');
INSERT INTO audit (`id`, `timestamp`, `employee`, `action`) VALUES ('2641139769840', '1986-12-26 14:55:21', 'chesley68', 'add');
INSERT INTO audit (`id`, `timestamp`, `employee`, `action`) VALUES ('2674603475350', '2004-04-22 17:56:19', 'jamison15', 'modify');
INSERT INTO audit (`id`, `timestamp`, `employee`, `action`) VALUES ('2838277563403', '1996-10-10 17:52:45', 'xnienow', 'sell');
INSERT INTO audit (`id`, `timestamp`, `employee`, `action`) VALUES ('3365478586805', '2005-11-18 18:22:39', 'kassulke.m', 'remove');
INSERT INTO audit (`id`, `timestamp`, `employee`, `action`) VALUES ('3386791328545', '1974-04-07 19:55:50', 'chesley68', 'add');
INSERT INTO audit (`id`, `timestamp`, `employee`, `action`) VALUES ('3662742932000', '2011-11-10 01:38:10', 'adolf18', 'modify');
INSERT INTO audit (`id`, `timestamp`, `employee`, `action`) VALUES ('3689630597868', '1985-05-22 20:53:28', 'kenton88', 'view');
INSERT INTO audit (`id`, `timestamp`, `employee`, `action`) VALUES ('3691257242663', '2000-01-04 18:13:26', 'jamison15', 'sell');
INSERT INTO audit (`id`, `timestamp`, `employee`, `action`) VALUES ('3735050354571', '1981-11-24 05:13:07', 'hmarquardt', 'remove');
INSERT INTO audit (`id`, `timestamp`, `employee`, `action`) VALUES ('3845365508924', '2006-05-23 04:23:18', 'phoebe.rya', 'modify');
INSERT INTO audit (`id`, `timestamp`, `employee`, `action`) VALUES ('3964172236810', '2015-06-26 23:03:27', 'adolf18', 'remove');
INSERT INTO audit (`id`, `timestamp`, `employee`, `action`) VALUES ('4176272665530', '1979-10-31 06:48:49', 'jamison15', 'modify');
INSERT INTO audit (`id`, `timestamp`, `employee`, `action`) VALUES ('4242172198178', '1981-12-13 11:27:58', 'hand.brody', 'modify');
INSERT INTO audit (`id`, `timestamp`, `employee`, `action`) VALUES ('4511845056467', '2007-06-25 16:03:49', 'rlakin', 'sell');
INSERT INTO audit (`id`, `timestamp`, `employee`, `action`) VALUES ('4669782132871', '1994-07-02 22:23:11', 'rkling', 'view');
INSERT INTO audit (`id`, `timestamp`, `employee`, `action`) VALUES ('4705987576420', '1985-04-24 04:19:33', 'jacquelyn5', 'remove');
INSERT INTO audit (`id`, `timestamp`, `employee`, `action`) VALUES ('4731471869181', '2016-12-13 15:18:30', 'towne.jaba', 'modify');
INSERT INTO audit (`id`, `timestamp`, `employee`, `action`) VALUES ('4990156958170', '2006-11-17 16:12:42', 'xnienow', 'sell');
INSERT INTO audit (`id`, `timestamp`, `employee`, `action`) VALUES ('5378709927030', '2006-03-11 12:46:35', 'xnienow', 'add');
INSERT INTO audit (`id`, `timestamp`, `employee`, `action`) VALUES ('5672243602164', '1970-12-18 00:36:27', 'adolf18', 'add');
INSERT INTO audit (`id`, `timestamp`, `employee`, `action`) VALUES ('5746888764935', '1983-12-03 13:37:33', 'xnienow', 'modify');
INSERT INTO audit (`id`, `timestamp`, `employee`, `action`) VALUES ('5863113053913', '2009-02-17 09:53:34', 'jacquelyn5', 'sell');
INSERT INTO audit (`id`, `timestamp`, `employee`, `action`) VALUES ('5997836367078', '2000-05-22 13:30:29', 'kassulke.m', 'remove');
INSERT INTO audit (`id`, `timestamp`, `employee`, `action`) VALUES ('6072100841863', '1971-06-19 07:05:43', 'towne.jaba', 'sell');
INSERT INTO audit (`id`, `timestamp`, `employee`, `action`) VALUES ('6085247026307', '1977-02-11 04:02:54', 'kenton88', 'sell');
INSERT INTO audit (`id`, `timestamp`, `employee`, `action`) VALUES ('6327449907115', '1981-09-21 11:09:22', 'jacquelyn5', 'view');
INSERT INTO audit (`id`, `timestamp`, `employee`, `action`) VALUES ('6360773872544', '2000-06-12 09:52:28', 'jamison15', 'view');
INSERT INTO audit (`id`, `timestamp`, `employee`, `action`) VALUES ('6487169794584', '1980-05-30 16:34:24', 'adolf18', 'view');
INSERT INTO audit (`id`, `timestamp`, `employee`, `action`) VALUES ('6631500036509', '1999-08-14 00:59:50', 'rlakin', 'view');
INSERT INTO audit (`id`, `timestamp`, `employee`, `action`) VALUES ('6745149667120', '2008-10-09 15:21:24', 'jacquelyn5', 'modify');
INSERT INTO audit (`id`, `timestamp`, `employee`, `action`) VALUES ('6979650682802', '2008-06-04 18:52:49', 'kenton88', 'remove');
INSERT INTO audit (`id`, `timestamp`, `employee`, `action`) VALUES ('7073851955143', '1988-08-27 18:41:50', 'hand.nicho', 'sell');
INSERT INTO audit (`id`, `timestamp`, `employee`, `action`) VALUES ('7127149250462', '1992-01-02 15:41:16', 'hand.brody', 'remove');
INSERT INTO audit (`id`, `timestamp`, `employee`, `action`) VALUES ('7329318859012', '1992-03-17 17:07:48', 'caroline34', 'sell');
INSERT INTO audit (`id`, `timestamp`, `employee`, `action`) VALUES ('7442443175144', '1970-11-22 17:26:16', 'hand.brody', 'modify');
INSERT INTO audit (`id`, `timestamp`, `employee`, `action`) VALUES ('7501977459288', '1970-07-28 03:31:19', 'halvorson.', 'remove');
INSERT INTO audit (`id`, `timestamp`, `employee`, `action`) VALUES ('7508690200395', '2008-07-14 21:08:52', 'osporer', 'view');
INSERT INTO audit (`id`, `timestamp`, `employee`, `action`) VALUES ('7892700285534', '1999-01-30 00:07:45', 'chesley68', 'view');
INSERT INTO audit (`id`, `timestamp`, `employee`, `action`) VALUES ('8084215849069', '1992-08-01 09:31:24', 'hmarquardt', 'modify');
INSERT INTO audit (`id`, `timestamp`, `employee`, `action`) VALUES ('8085203265595', '1979-06-12 00:17:58', 'phoebe.rya', 'remove');
INSERT INTO audit (`id`, `timestamp`, `employee`, `action`) VALUES ('8160887199005', '1981-06-05 22:33:28', 'halvorson.', 'sell');
INSERT INTO audit (`id`, `timestamp`, `employee`, `action`) VALUES ('8243607092289', '2002-09-03 20:18:40', 'hand.brody', 'view');
INSERT INTO audit (`id`, `timestamp`, `employee`, `action`) VALUES ('8290843111281', '1980-12-17 16:30:55', 'halvorson.', 'view');
INSERT INTO audit (`id`, `timestamp`, `employee`, `action`) VALUES ('8476876499507', '1970-05-14 08:27:53', 'willa66', 'modify');
INSERT INTO audit (`id`, `timestamp`, `employee`, `action`) VALUES ('9389306808642', '1985-02-16 04:54:49', 'willa66', 'modify');
INSERT INTO audit (`id`, `timestamp`, `employee`, `action`) VALUES ('9524849395031', '1991-08-28 04:34:36', 'hand.nicho', 'add');
INSERT INTO audit (`id`, `timestamp`, `employee`, `action`) VALUES ('9586553288603', '1976-01-14 12:21:18', 'clovis90', 'sell');
INSERT INTO audit (`id`, `timestamp`, `employee`, `action`) VALUES ('9633397431426', '2005-03-27 22:47:20', 'ybatz', 'remove');
INSERT INTO audit (`id`, `timestamp`, `employee`, `action`) VALUES ('9641238728413', '2008-10-09 18:59:47', 'chesley68', 'remove');
INSERT INTO audit (`id`, `timestamp`, `employee`, `action`) VALUES ('9740546855221', '2012-02-03 20:05:40', 'willa66', 'view');
INSERT INTO audit (`id`, `timestamp`, `employee`, `action`) VALUES ('9914538503623', '2017-08-04 09:38:28', 'xnienow', 'remove');
INSERT INTO audit (`id`, `timestamp`, `employee`, `action`) VALUES ('9940285885750', '1983-08-14 09:13:52', 'halvorson.', 'add');
INSERT INTO audit (`id`, `timestamp`, `employee`, `action`) VALUES ('9963787881464', '1981-04-23 09:44:28', 'willa66', 'sell');

INSERT INTO discount (`id`, `date`, `rate`, `isActive`, `apparel`) VALUES (1, '1975-03-05', 34, 0, '4971261122090');
INSERT INTO discount (`id`, `date`, `rate`, `isActive`, `apparel`) VALUES (2, '1996-03-10', 23, 0, '2171146774648');
INSERT INTO discount (`id`, `date`, `rate`, `isActive`, `apparel`) VALUES (3, '1979-08-27', 70, 0, '0537348191317');
INSERT INTO discount (`id`, `date`, `rate`, `isActive`, `apparel`) VALUES (4, '2012-10-26', 56, 0, '0340386510084');
INSERT INTO discount (`id`, `date`, `rate`, `isActive`, `apparel`) VALUES (5, '1976-11-02', 34, 1, '7888423347536');
INSERT INTO discount (`id`, `date`, `rate`, `isActive`, `apparel`) VALUES (6, '2016-06-18', 33, 0, '7888423347536');
INSERT INTO discount (`id`, `date`, `rate`, `isActive`, `apparel`) VALUES (7, '1999-03-01', 28, 1, '3925780924148');
INSERT INTO discount (`id`, `date`, `rate`, `isActive`, `apparel`) VALUES (8, '1995-12-15', 15, 0, '3068427000314');
INSERT INTO discount (`id`, `date`, `rate`, `isActive`, `apparel`) VALUES (9, '2003-12-07', 4, 0, '3879040997864');
INSERT INTO discount (`id`, `date`, `rate`, `isActive`, `apparel`) VALUES (10, '2016-09-06', 35, 0, '6858159512585');
INSERT INTO discount (`id`, `date`, `rate`, `isActive`, `apparel`) VALUES (11, '1994-10-09', 5, 1, '4199880055708');
INSERT INTO discount (`id`, `date`, `rate`, `isActive`, `apparel`) VALUES (12, '2008-05-20', 41, 0, '2418782991627');
INSERT INTO discount (`id`, `date`, `rate`, `isActive`, `apparel`) VALUES (13, '2006-10-10', 5, 1, '0342731651893');
INSERT INTO discount (`id`, `date`, `rate`, `isActive`, `apparel`) VALUES (14, '1986-08-02', 52, 0, '4741541113380');
INSERT INTO discount (`id`, `date`, `rate`, `isActive`, `apparel`) VALUES (15, '2015-06-18', 27, 0, '3148417442581');
INSERT INTO discount (`id`, `date`, `rate`, `isActive`, `apparel`) VALUES (16, '2016-01-20', 3, 0, '2419949681528');
INSERT INTO discount (`id`, `date`, `rate`, `isActive`, `apparel`) VALUES (17, '2012-11-03', 13, 0, '3196559240084');
INSERT INTO discount (`id`, `date`, `rate`, `isActive`, `apparel`) VALUES (18, '1991-09-26', 22, 0, '9649492283686');
INSERT INTO discount (`id`, `date`, `rate`, `isActive`, `apparel`) VALUES (19, '2013-08-16', 37, 1, '4682325656825');
INSERT INTO discount (`id`, `date`, `rate`, `isActive`, `apparel`) VALUES (20, '2015-11-11', 28, 1, '2483066073962');
INSERT INTO discount (`id`, `date`, `rate`, `isActive`, `apparel`) VALUES (21, '2005-02-17', 35, 1, '4400991677223');
INSERT INTO discount (`id`, `date`, `rate`, `isActive`, `apparel`) VALUES (22, '1978-08-24', 67, 1, '9648000137541');
INSERT INTO discount (`id`, `date`, `rate`, `isActive`, `apparel`) VALUES (23, '1997-03-11', 35, 0, '5097220182987');
INSERT INTO discount (`id`, `date`, `rate`, `isActive`, `apparel`) VALUES (24, '1990-11-17', 20, 1, '2001546796691');
INSERT INTO discount (`id`, `date`, `rate`, `isActive`, `apparel`) VALUES (25, '1974-07-23', 33, 0, '6858159512585');
INSERT INTO discount (`id`, `date`, `rate`, `isActive`, `apparel`) VALUES (26, '2011-02-21', 64, 1, '4903396781200');
INSERT INTO discount (`id`, `date`, `rate`, `isActive`, `apparel`) VALUES (27, '2009-09-14', 26, 1, '4077704892206');
INSERT INTO discount (`id`, `date`, `rate`, `isActive`, `apparel`) VALUES (28, '1997-07-15', 14, 1, '0105825378812');
INSERT INTO discount (`id`, `date`, `rate`, `isActive`, `apparel`) VALUES (29, '1972-08-24', 51, 0, '3148417442581');
INSERT INTO discount (`id`, `date`, `rate`, `isActive`, `apparel`) VALUES (30, '1977-07-26', 68, 0, '0844964391718');
INSERT INTO discount (`id`, `date`, `rate`, `isActive`, `apparel`) VALUES (31, '2011-11-18', 2, 1, '3925780924148');
INSERT INTO discount (`id`, `date`, `rate`, `isActive`, `apparel`) VALUES (32, '1975-08-26', 33, 1, '9414432489714');
INSERT INTO discount (`id`, `date`, `rate`, `isActive`, `apparel`) VALUES (33, '2006-02-02', 33, 0, '3013787277074');
INSERT INTO discount (`id`, `date`, `rate`, `isActive`, `apparel`) VALUES (34, '1976-06-27', 4, 1, '4563488547499');
INSERT INTO discount (`id`, `date`, `rate`, `isActive`, `apparel`) VALUES (35, '1993-03-12', 60, 0, '9667816114904');
INSERT INTO discount (`id`, `date`, `rate`, `isActive`, `apparel`) VALUES (36, '1971-10-30', 36, 0, '1406731788498');
INSERT INTO discount (`id`, `date`, `rate`, `isActive`, `apparel`) VALUES (37, '1978-04-09', 46, 1, '2659749470254');
INSERT INTO discount (`id`, `date`, `rate`, `isActive`, `apparel`) VALUES (38, '1996-01-02', 6, 0, '3346960587401');
INSERT INTO discount (`id`, `date`, `rate`, `isActive`, `apparel`) VALUES (39, '1990-08-22', 27, 0, '4515258670739');
INSERT INTO discount (`id`, `date`, `rate`, `isActive`, `apparel`) VALUES (40, '2012-07-31', 24, 1, '6862345898490');

INSERT INTO orderRequest (`id`, `timestamp`, `status`) VALUES ('0516025318728', '2012-06-26 08:04:26', 'pending');
INSERT INTO orderRequest (`id`, `timestamp`, `status`) VALUES ('1008438308452', '1998-09-22 16:51:04', 'pending');
INSERT INTO orderRequest (`id`, `timestamp`, `status`) VALUES ('1412081662951', '1984-02-20 06:44:02', 'pending');
INSERT INTO orderRequest (`id`, `timestamp`, `status`) VALUES ('1735504834712', '2009-11-26 21:17:54', 'cancelled');
INSERT INTO orderRequest (`id`, `timestamp`, `status`) VALUES ('1846091407286', '2000-01-26 19:16:02', 'delivered');
INSERT INTO orderRequest (`id`, `timestamp`, `status`) VALUES ('2579070540580', '2017-01-13 15:26:56', 'delivered');
INSERT INTO orderRequest (`id`, `timestamp`, `status`) VALUES ('2955858780353', '1971-03-26 13:49:31', 'pending');
INSERT INTO orderRequest (`id`, `timestamp`, `status`) VALUES ('3079676265867', '2013-06-07 20:47:51', 'cancelled');
INSERT INTO orderRequest (`id`, `timestamp`, `status`) VALUES ('3085805836778', '1985-04-02 07:24:02', 'delivered');
INSERT INTO orderRequest (`id`, `timestamp`, `status`) VALUES ('3111412545519', '1989-07-27 22:12:44', 'delivered');
INSERT INTO orderRequest (`id`, `timestamp`, `status`) VALUES ('3406786861960', '2010-01-04 04:47:06', 'delivered');
INSERT INTO orderRequest (`id`, `timestamp`, `status`) VALUES ('3798878340577', '1973-05-14 04:00:24', 'pending');
INSERT INTO orderRequest (`id`, `timestamp`, `status`) VALUES ('4026072501777', '2013-10-07 19:56:04', 'pending');
INSERT INTO orderRequest (`id`, `timestamp`, `status`) VALUES ('4164110106109', '1996-06-27 13:44:30', 'cancelled');
INSERT INTO orderRequest (`id`, `timestamp`, `status`) VALUES ('4354940996791', '2011-06-26 20:47:52', 'pending');
INSERT INTO orderRequest (`id`, `timestamp`, `status`) VALUES ('4574643309678', '2007-02-28 12:36:58', 'pending');
INSERT INTO orderRequest (`id`, `timestamp`, `status`) VALUES ('5667621140512', '2007-05-17 17:35:07', 'pending');
INSERT INTO orderRequest (`id`, `timestamp`, `status`) VALUES ('5772090820787', '1975-12-15 22:22:31', 'pending');
INSERT INTO orderRequest (`id`, `timestamp`, `status`) VALUES ('6024978866073', '1973-11-08 00:48:35', 'delivered');
INSERT INTO orderRequest (`id`, `timestamp`, `status`) VALUES ('6073004529482', '1994-06-21 03:31:53', 'cancelled');
INSERT INTO orderRequest (`id`, `timestamp`, `status`) VALUES ('6172006906250', '1988-10-04 14:25:01', 'cancelled');
INSERT INTO orderRequest (`id`, `timestamp`, `status`) VALUES ('6622691145132', '1986-04-24 04:44:56', 'cancelled');
INSERT INTO orderRequest (`id`, `timestamp`, `status`) VALUES ('7738450587095', '1994-10-20 15:09:49', 'cancelled');
INSERT INTO orderRequest (`id`, `timestamp`, `status`) VALUES ('7897487013417', '1997-02-07 09:23:27', 'cancelled');
INSERT INTO orderRequest (`id`, `timestamp`, `status`) VALUES ('8924801123787', '1971-05-21 09:30:33', 'pending');

INSERT INTO orderRequestItem (`id`, `item`, `qty`, `request`) VALUES (1, 'pants', 177, '4026072501777');
INSERT INTO orderRequestItem (`id`, `item`, `qty`, `request`) VALUES (2, 'pants', 170, '3085805836778');
INSERT INTO orderRequestItem (`id`, `item`, `qty`, `request`) VALUES (3, 'pants', 94, '1412081662951');
INSERT INTO orderRequestItem (`id`, `item`, `qty`, `request`) VALUES (4, 'underwear', 91, '5772090820787');
INSERT INTO orderRequestItem (`id`, `item`, `qty`, `request`) VALUES (5, 'pants', 192, '8924801123787');
INSERT INTO orderRequestItem (`id`, `item`, `qty`, `request`) VALUES (6, 'underwear', 28, '0516025318728');
INSERT INTO orderRequestItem (`id`, `item`, `qty`, `request`) VALUES (7, 'dress', 32, '3079676265867');
INSERT INTO orderRequestItem (`id`, `item`, `qty`, `request`) VALUES (8, 'pants', 142, '4354940996791');
INSERT INTO orderRequestItem (`id`, `item`, `qty`, `request`) VALUES (9, 'shirt', 144, '8924801123787');
INSERT INTO orderRequestItem (`id`, `item`, `qty`, `request`) VALUES (10, 'pants', 88, '3085805836778');
INSERT INTO orderRequestItem (`id`, `item`, `qty`, `request`) VALUES (11, 'pants', 59, '3111412545519');
INSERT INTO orderRequestItem (`id`, `item`, `qty`, `request`) VALUES (12, 'shoes', 139, '1008438308452');
INSERT INTO orderRequestItem (`id`, `item`, `qty`, `request`) VALUES (13, 'underwear', 23, '2579070540580');
INSERT INTO orderRequestItem (`id`, `item`, `qty`, `request`) VALUES (14, 'shirt', 196, '1735504834712');
INSERT INTO orderRequestItem (`id`, `item`, `qty`, `request`) VALUES (15, 'underwear', 131, '3079676265867');
INSERT INTO orderRequestItem (`id`, `item`, `qty`, `request`) VALUES (16, 'pants', 188, '1735504834712');
INSERT INTO orderRequestItem (`id`, `item`, `qty`, `request`) VALUES (17, 'dress', 106, '6622691145132');
INSERT INTO orderRequestItem (`id`, `item`, `qty`, `request`) VALUES (18, 'shoes', 114, '7897487013417');
INSERT INTO orderRequestItem (`id`, `item`, `qty`, `request`) VALUES (19, 'underwear', 77, '3406786861960');
INSERT INTO orderRequestItem (`id`, `item`, `qty`, `request`) VALUES (20, 'underwear', 106, '1008438308452');
INSERT INTO orderRequestItem (`id`, `item`, `qty`, `request`) VALUES (21, 'pants', 26, '7897487013417');
INSERT INTO orderRequestItem (`id`, `item`, `qty`, `request`) VALUES (22, 'shoes', 185, '1412081662951');
INSERT INTO orderRequestItem (`id`, `item`, `qty`, `request`) VALUES (23, 'pants', 163, '1008438308452');
INSERT INTO orderRequestItem (`id`, `item`, `qty`, `request`) VALUES (24, 'underwear', 32, '3406786861960');
INSERT INTO orderRequestItem (`id`, `item`, `qty`, `request`) VALUES (25, 'shoes', 57, '4354940996791');
INSERT INTO orderRequestItem (`id`, `item`, `qty`, `request`) VALUES (26, 'underwear', 109, '6024978866073');
INSERT INTO orderRequestItem (`id`, `item`, `qty`, `request`) VALUES (27, 'shirt', 82, '3798878340577');
INSERT INTO orderRequestItem (`id`, `item`, `qty`, `request`) VALUES (28, 'shirt', 181, '3111412545519');
INSERT INTO orderRequestItem (`id`, `item`, `qty`, `request`) VALUES (29, 'shirt', 103, '8924801123787');
INSERT INTO orderRequestItem (`id`, `item`, `qty`, `request`) VALUES (30, 'pants', 114, '2955858780353');
INSERT INTO orderRequestItem (`id`, `item`, `qty`, `request`) VALUES (31, 'shoes', 58, '7738450587095');
INSERT INTO orderRequestItem (`id`, `item`, `qty`, `request`) VALUES (32, 'underwear', 146, '4026072501777');
INSERT INTO orderRequestItem (`id`, `item`, `qty`, `request`) VALUES (33, 'pants', 55, '4354940996791');
INSERT INTO orderRequestItem (`id`, `item`, `qty`, `request`) VALUES (34, 'underwear', 16, '0516025318728');
INSERT INTO orderRequestItem (`id`, `item`, `qty`, `request`) VALUES (35, 'pants', 187, '1846091407286');
INSERT INTO orderRequestItem (`id`, `item`, `qty`, `request`) VALUES (36, 'shirt', 198, '4354940996791');
INSERT INTO orderRequestItem (`id`, `item`, `qty`, `request`) VALUES (37, 'shirt', 154, '0516025318728');
INSERT INTO orderRequestItem (`id`, `item`, `qty`, `request`) VALUES (38, 'shirt', 163, '4026072501777');
INSERT INTO orderRequestItem (`id`, `item`, `qty`, `request`) VALUES (39, 'underwear', 26, '1846091407286');
INSERT INTO orderRequestItem (`id`, `item`, `qty`, `request`) VALUES (40, 'dress', 81, '0516025318728');
INSERT INTO orderRequestItem (`id`, `item`, `qty`, `request`) VALUES (41, 'dress', 168, '6622691145132');
INSERT INTO orderRequestItem (`id`, `item`, `qty`, `request`) VALUES (42, 'shoes', 13, '4164110106109');
INSERT INTO orderRequestItem (`id`, `item`, `qty`, `request`) VALUES (43, 'shirt', 102, '1008438308452');
INSERT INTO orderRequestItem (`id`, `item`, `qty`, `request`) VALUES (44, 'pants', 159, '1008438308452');
INSERT INTO orderRequestItem (`id`, `item`, `qty`, `request`) VALUES (45, 'dress', 85, '5772090820787');
INSERT INTO orderRequestItem (`id`, `item`, `qty`, `request`) VALUES (46, 'shirt', 186, '3085805836778');
INSERT INTO orderRequestItem (`id`, `item`, `qty`, `request`) VALUES (47, 'shirt', 112, '1846091407286');
INSERT INTO orderRequestItem (`id`, `item`, `qty`, `request`) VALUES (48, 'pants', 188, '4164110106109');
INSERT INTO orderRequestItem (`id`, `item`, `qty`, `request`) VALUES (49, 'shoes', 199, '3079676265867');
INSERT INTO orderRequestItem (`id`, `item`, `qty`, `request`) VALUES (50, 'dress', 190, '4574643309678');
INSERT INTO orderRequestItem (`id`, `item`, `qty`, `request`) VALUES (51, 'dress', 156, '4354940996791');
INSERT INTO orderRequestItem (`id`, `item`, `qty`, `request`) VALUES (52, 'dress', 154, '2955858780353');
INSERT INTO orderRequestItem (`id`, `item`, `qty`, `request`) VALUES (53, 'shoes', 19, '6024978866073');
INSERT INTO orderRequestItem (`id`, `item`, `qty`, `request`) VALUES (54, 'shirt', 156, '5667621140512');
INSERT INTO orderRequestItem (`id`, `item`, `qty`, `request`) VALUES (55, 'shoes', 24, '5667621140512');
INSERT INTO orderRequestItem (`id`, `item`, `qty`, `request`) VALUES (56, 'pants', 166, '3079676265867');
INSERT INTO orderRequestItem (`id`, `item`, `qty`, `request`) VALUES (57, 'shoes', 21, '3406786861960');
INSERT INTO orderRequestItem (`id`, `item`, `qty`, `request`) VALUES (58, 'pants', 186, '1735504834712');
INSERT INTO orderRequestItem (`id`, `item`, `qty`, `request`) VALUES (59, 'pants', 41, '5667621140512');
INSERT INTO orderRequestItem (`id`, `item`, `qty`, `request`) VALUES (60, 'dress', 85, '3406786861960');
INSERT INTO orderRequestItem (`id`, `item`, `qty`, `request`) VALUES (61, 'shirt', 23, '3111412545519');
INSERT INTO orderRequestItem (`id`, `item`, `qty`, `request`) VALUES (62, 'dress', 36, '4354940996791');
INSERT INTO orderRequestItem (`id`, `item`, `qty`, `request`) VALUES (63, 'shirt', 84, '7738450587095');
INSERT INTO orderRequestItem (`id`, `item`, `qty`, `request`) VALUES (64, 'pants', 174, '8924801123787');
INSERT INTO orderRequestItem (`id`, `item`, `qty`, `request`) VALUES (65, 'shoes', 100, '4354940996791');
INSERT INTO orderRequestItem (`id`, `item`, `qty`, `request`) VALUES (66, 'shirt', 106, '1412081662951');
INSERT INTO orderRequestItem (`id`, `item`, `qty`, `request`) VALUES (67, 'shoes', 88, '4354940996791');
INSERT INTO orderRequestItem (`id`, `item`, `qty`, `request`) VALUES (68, 'underwear', 44, '4574643309678');
INSERT INTO orderRequestItem (`id`, `item`, `qty`, `request`) VALUES (69, 'shirt', 199, '4574643309678');
INSERT INTO orderRequestItem (`id`, `item`, `qty`, `request`) VALUES (70, 'shoes', 112, '6024978866073');

INSERT INTO sale (`id`, `date`, `qty`, `apparel`) VALUES (1, '2016-04-24', 5, '2004838780293');
INSERT INTO sale (`id`, `date`, `qty`, `apparel`) VALUES (2, '2001-07-21', 3, '8322873815096');
INSERT INTO sale (`id`, `date`, `qty`, `apparel`) VALUES (3, '1992-12-31', 5, '4199880055708');
INSERT INTO sale (`id`, `date`, `qty`, `apparel`) VALUES (4, '1974-04-06', 1, '2171146774648');
INSERT INTO sale (`id`, `date`, `qty`, `apparel`) VALUES (5, '1973-12-28', 5, '3879040997864');
INSERT INTO sale (`id`, `date`, `qty`, `apparel`) VALUES (6, '2013-04-25', 5, '1484443178172');
INSERT INTO sale (`id`, `date`, `qty`, `apparel`) VALUES (7, '2005-10-09', 2, '9720655470294');
INSERT INTO sale (`id`, `date`, `qty`, `apparel`) VALUES (8, '1970-03-11', 5, '1484443178172');
INSERT INTO sale (`id`, `date`, `qty`, `apparel`) VALUES (9, '2008-01-13', 2, '5602935229744');
INSERT INTO sale (`id`, `date`, `qty`, `apparel`) VALUES (10, '2014-04-19', 3, '9516591249809');
INSERT INTO sale (`id`, `date`, `qty`, `apparel`) VALUES (11, '1993-03-21', 4, '7682673193611');
INSERT INTO sale (`id`, `date`, `qty`, `apparel`) VALUES (12, '1971-08-27', 5, '0421382215804');
INSERT INTO sale (`id`, `date`, `qty`, `apparel`) VALUES (13, '1987-11-25', 1, '3013787277074');
INSERT INTO sale (`id`, `date`, `qty`, `apparel`) VALUES (14, '2006-05-02', 4, '3878276033407');
INSERT INTO sale (`id`, `date`, `qty`, `apparel`) VALUES (15, '1986-05-13', 2, '4055906609389');
INSERT INTO sale (`id`, `date`, `qty`, `apparel`) VALUES (16, '2003-10-16', 2, '4803097721560');
INSERT INTO sale (`id`, `date`, `qty`, `apparel`) VALUES (17, '2015-05-27', 5, '1739914210791');
INSERT INTO sale (`id`, `date`, `qty`, `apparel`) VALUES (18, '2005-03-17', 4, '0537348191317');
INSERT INTO sale (`id`, `date`, `qty`, `apparel`) VALUES (19, '1982-11-12', 3, '8337251286931');
INSERT INTO sale (`id`, `date`, `qty`, `apparel`) VALUES (20, '1978-05-14', 4, '5225338054432');
INSERT INTO sale (`id`, `date`, `qty`, `apparel`) VALUES (21, '1981-11-22', 2, '2001546796691');
INSERT INTO sale (`id`, `date`, `qty`, `apparel`) VALUES (22, '1970-06-07', 2, '2531763687651');
INSERT INTO sale (`id`, `date`, `qty`, `apparel`) VALUES (23, '2003-09-08', 3, '1593951714908');
INSERT INTO sale (`id`, `date`, `qty`, `apparel`) VALUES (24, '1975-11-30', 1, '9986230257456');
INSERT INTO sale (`id`, `date`, `qty`, `apparel`) VALUES (25, '1992-08-06', 1, '2208543101118');
INSERT INTO sale (`id`, `date`, `qty`, `apparel`) VALUES (26, '1997-01-10', 1, '9089617160780');
INSERT INTO sale (`id`, `date`, `qty`, `apparel`) VALUES (27, '1983-09-15', 2, '7057385560615');
INSERT INTO sale (`id`, `date`, `qty`, `apparel`) VALUES (28, '2002-06-11', 2, '2659749470254');
INSERT INTO sale (`id`, `date`, `qty`, `apparel`) VALUES (29, '1976-12-30', 2, '2737556460191');
INSERT INTO sale (`id`, `date`, `qty`, `apparel`) VALUES (30, '1999-04-30', 4, '5725239677834');
INSERT INTO sale (`id`, `date`, `qty`, `apparel`) VALUES (31, '1974-09-23', 2, '8931361459225');
INSERT INTO sale (`id`, `date`, `qty`, `apparel`) VALUES (32, '2016-09-30', 5, '4741541113380');
INSERT INTO sale (`id`, `date`, `qty`, `apparel`) VALUES (33, '1997-02-03', 3, '4199880055708');
INSERT INTO sale (`id`, `date`, `qty`, `apparel`) VALUES (34, '1983-06-11', 3, '2936518807023');
INSERT INTO sale (`id`, `date`, `qty`, `apparel`) VALUES (35, '1987-09-29', 4, '7124347356927');
INSERT INTO sale (`id`, `date`, `qty`, `apparel`) VALUES (36, '1980-08-06', 1, '8855925997032');
INSERT INTO sale (`id`, `date`, `qty`, `apparel`) VALUES (37, '1998-06-01', 5, '4450782493686');
INSERT INTO sale (`id`, `date`, `qty`, `apparel`) VALUES (38, '2005-05-16', 5, '6862345898490');
INSERT INTO sale (`id`, `date`, `qty`, `apparel`) VALUES (39, '1974-07-06', 4, '0282250957437');
INSERT INTO sale (`id`, `date`, `qty`, `apparel`) VALUES (40, '1979-11-02', 4, '0775231929184');
INSERT INTO sale (`id`, `date`, `qty`, `apparel`) VALUES (41, '1984-07-25', 1, '5935518685706');
INSERT INTO sale (`id`, `date`, `qty`, `apparel`) VALUES (42, '2004-08-04', 5, '8143222820314');
INSERT INTO sale (`id`, `date`, `qty`, `apparel`) VALUES (43, '1989-08-08', 3, '1584142598841');
INSERT INTO sale (`id`, `date`, `qty`, `apparel`) VALUES (44, '1975-04-20', 5, '9804928827937');
INSERT INTO sale (`id`, `date`, `qty`, `apparel`) VALUES (45, '1978-12-21', 2, '2171146774648');
INSERT INTO sale (`id`, `date`, `qty`, `apparel`) VALUES (46, '1972-06-04', 1, '5488203838647');
INSERT INTO sale (`id`, `date`, `qty`, `apparel`) VALUES (47, '1998-09-19', 4, '4746943931143');
INSERT INTO sale (`id`, `date`, `qty`, `apparel`) VALUES (48, '1973-12-23', 3, '3878276033407');
INSERT INTO sale (`id`, `date`, `qty`, `apparel`) VALUES (49, '1977-02-19', 3, '6373009997836');
INSERT INTO sale (`id`, `date`, `qty`, `apparel`) VALUES (50, '1981-03-10', 4, '3144161002279');
INSERT INTO sale (`id`, `date`, `qty`, `apparel`) VALUES (51, '2012-01-25', 4, '9973225550036');
INSERT INTO sale (`id`, `date`, `qty`, `apparel`) VALUES (52, '2008-08-11', 5, '9089617160780');
INSERT INTO sale (`id`, `date`, `qty`, `apparel`) VALUES (53, '1976-06-12', 4, '5935518685706');
INSERT INTO sale (`id`, `date`, `qty`, `apparel`) VALUES (54, '1974-02-18', 3, '1507737392723');
INSERT INTO sale (`id`, `date`, `qty`, `apparel`) VALUES (55, '1995-10-23', 2, '9085159784194');
INSERT INTO sale (`id`, `date`, `qty`, `apparel`) VALUES (56, '1979-03-12', 3, '9085159784194');
INSERT INTO sale (`id`, `date`, `qty`, `apparel`) VALUES (57, '1997-02-11', 5, '0342731651893');
INSERT INTO sale (`id`, `date`, `qty`, `apparel`) VALUES (58, '1997-10-16', 4, '5812094407765');
INSERT INTO sale (`id`, `date`, `qty`, `apparel`) VALUES (59, '1994-08-14', 2, '1670980089747');
INSERT INTO sale (`id`, `date`, `qty`, `apparel`) VALUES (60, '1988-11-13', 5, '3101184424228');
INSERT INTO sale (`id`, `date`, `qty`, `apparel`) VALUES (61, '2003-08-31', 5, '2327480010519');
INSERT INTO sale (`id`, `date`, `qty`, `apparel`) VALUES (62, '1971-10-08', 4, '0390162334946');
INSERT INTO sale (`id`, `date`, `qty`, `apparel`) VALUES (63, '1983-10-09', 5, '8931361459225');
INSERT INTO sale (`id`, `date`, `qty`, `apparel`) VALUES (64, '1991-01-30', 4, '6795215813012');
INSERT INTO sale (`id`, `date`, `qty`, `apparel`) VALUES (65, '1993-01-12', 1, '3362488658898');
INSERT INTO sale (`id`, `date`, `qty`, `apparel`) VALUES (66, '1997-01-15', 1, '5753819446136');
INSERT INTO sale (`id`, `date`, `qty`, `apparel`) VALUES (67, '2014-04-20', 4, '5231989908598');
INSERT INTO sale (`id`, `date`, `qty`, `apparel`) VALUES (68, '1998-06-20', 3, '9085159784194');
INSERT INTO sale (`id`, `date`, `qty`, `apparel`) VALUES (69, '2002-01-21', 3, '3068427000314');
INSERT INTO sale (`id`, `date`, `qty`, `apparel`) VALUES (70, '1976-11-21', 4, '5602935229744');
INSERT INTO sale (`id`, `date`, `qty`, `apparel`) VALUES (71, '1996-03-01', 5, '9763294246097');
INSERT INTO sale (`id`, `date`, `qty`, `apparel`) VALUES (72, '2006-04-05', 3, '9973225550036');
INSERT INTO sale (`id`, `date`, `qty`, `apparel`) VALUES (73, '1985-12-29', 1, '3879040997864');
INSERT INTO sale (`id`, `date`, `qty`, `apparel`) VALUES (74, '2014-10-14', 5, '1406731788498');
INSERT INTO sale (`id`, `date`, `qty`, `apparel`) VALUES (75, '2017-08-09', 5, '9763294246097');
INSERT INTO sale (`id`, `date`, `qty`, `apparel`) VALUES (76, '2005-12-16', 5, '6136373930768');
INSERT INTO sale (`id`, `date`, `qty`, `apparel`) VALUES (77, '2000-08-14', 5, '7018451008707');
INSERT INTO sale (`id`, `date`, `qty`, `apparel`) VALUES (78, '2000-03-03', 5, '4563488547499');
INSERT INTO sale (`id`, `date`, `qty`, `apparel`) VALUES (79, '1981-04-27', 5, '0485702735038');
INSERT INTO sale (`id`, `date`, `qty`, `apparel`) VALUES (80, '2013-04-29', 5, '3879040997864');
INSERT INTO sale (`id`, `date`, `qty`, `apparel`) VALUES (81, '1995-09-18', 1, '8828941316903');
INSERT INTO sale (`id`, `date`, `qty`, `apparel`) VALUES (82, '2002-03-06', 3, '0390162334946');
INSERT INTO sale (`id`, `date`, `qty`, `apparel`) VALUES (83, '2013-01-18', 2, '2737556460191');
INSERT INTO sale (`id`, `date`, `qty`, `apparel`) VALUES (84, '2013-08-30', 4, '4723842158840');
INSERT INTO sale (`id`, `date`, `qty`, `apparel`) VALUES (85, '1975-12-09', 3, '2154666514260');
INSERT INTO sale (`id`, `date`, `qty`, `apparel`) VALUES (86, '2008-01-22', 4, '1739914210791');
INSERT INTO sale (`id`, `date`, `qty`, `apparel`) VALUES (87, '1990-08-05', 2, '3362488658898');
INSERT INTO sale (`id`, `date`, `qty`, `apparel`) VALUES (88, '1978-06-05', 1, '2531763687651');
INSERT INTO sale (`id`, `date`, `qty`, `apparel`) VALUES (89, '1986-11-08', 3, '8253154168511');
INSERT INTO sale (`id`, `date`, `qty`, `apparel`) VALUES (90, '1992-02-06', 3, '5225338054432');
INSERT INTO sale (`id`, `date`, `qty`, `apparel`) VALUES (91, '1994-03-20', 3, '5812094407765');
INSERT INTO sale (`id`, `date`, `qty`, `apparel`) VALUES (92, '2015-12-19', 2, '0485702735038');
INSERT INTO sale (`id`, `date`, `qty`, `apparel`) VALUES (93, '1984-07-15', 4, '5812094407765');
INSERT INTO sale (`id`, `date`, `qty`, `apparel`) VALUES (94, '1980-11-21', 2, '4682325656825');
INSERT INTO sale (`id`, `date`, `qty`, `apparel`) VALUES (95, '2014-09-28', 4, '7661416469480');
INSERT INTO sale (`id`, `date`, `qty`, `apparel`) VALUES (96, '2014-05-01', 4, '0165679289634');
INSERT INTO sale (`id`, `date`, `qty`, `apparel`) VALUES (97, '1996-05-31', 3, '1313657313577');
INSERT INTO sale (`id`, `date`, `qty`, `apparel`) VALUES (98, '1979-10-13', 5, '3050210778029');
INSERT INTO sale (`id`, `date`, `qty`, `apparel`) VALUES (99, '2012-05-01', 3, '9311565134866');
INSERT INTO sale (`id`, `date`, `qty`, `apparel`) VALUES (100, '2005-12-25', 1, '4450782493686');


